[{"id":"1", "percentage":"100"},{"id":"20", "percentage":"13"},{"id":"11", "percentage":"5"},{"id":"37", "percentage":"5"},{"id":"83", "percentage":"15"},{"id":"17", "percentage":"5"},{"id":"17", "percentage":"5"},{"id":"26", "percentage":"5"},{"id":"6", "percentage":"5"},{"id":"15", "percentage":"1"},{"id":"18", "percentage":"15"},{"id":"49", "percentage":"20"},{"id":"88", "percentage":"5"},{"id":"53", "percentage":"0.05"},{"id":"74", "percentage":"0.05"},{"id":"41", "percentage":"0.01"},{"id":"66", "percentage":"0.2"},{"id":"54", "percentage":"0.01"},{"id":"45", "percentage":"0.01"},{"id":"78", "percentage":"0.15"},{"id":"31", "percentage":"0.01"}]