[{"id":"1","soort":{"nederlands":"Akkerdistel","latijns":"Cirsium arvense"},"waarden":{"nectar":"3","stuifmeel":"2"},"bloeiperiode":{"januari":"false","februari":"false","maart":"false","april":"false","mei":"false","juni":"true","juli":"true","augustus":"true","september":"true","oktober":"false","november":"false","december":"false"}},{"id":"2","soort":{"nederlands":"Akkerkool","latijns":"Lapsana communis"},"waarden":{"nectar":"1","stuifmeel":"1"},"bloeiperiode":{"januari":"false","februari":"false","maart":"false","april":"false","mei":"false","juni":"true","juli":"true","augustus":"true","september":"true","oktober":"false","november":"false","december":"false"}},{"id":"3","soort":{"nederlands":"Akkervergeet-me-nietje","latijns":"Myosotis arvensis"},"waarden":{"nectar":"2","stuifmeel":"1"},"bloeiperiode":{"januari":"false","februari":"false","maart":"false","april":"false","mei":"true","juni":"true","juli":"true","augustus":"true","september":"false","oktober":"false","november":"false","december":"false"}},{"id":"4","soort":{"nederlands":"Beklierde duizendknoop","latijns":"Polygonum lapathifolium"},"waarden":{"nectar":"1","stuifmeel":"1"},"bloeiperiode":{"januari":"false","februari":"false","maart":"false","april":"false","mei":"false","juni":"true","juli":"true","augustus":"true","september":"true","oktober":"true","november":"false","december":"false"}},{"id":"5","soort":{"nederlands":"Bitterzoet","latijns":"Solanum dulcamara L"},"waarden":{"nectar":"3","stuifmeel":"3"},"bloeiperiode":{"januari":"false","februari":"false","maart":"false","april":"false","mei":"false","juni":"true","juli":"true","augustus":"true","september":"true","oktober":"false","november":"false","december":"false"}},{"id":"6","soort":{"nederlands":"Boerenwormkruid","latijns":"Tanacetum vulgare"},"waarden":{"nectar":"2","stuifmeel":"2"},"bloeiperiode":{"januari":"false","februari":"false","maart":"false","april":"false","mei":"false","juni":"false","juli":"true","augustus":"true","september":"true","oktober":"false","november":"false","december":"false"}},{"id":"7","soort":{"nederlands":"Brem","latijns":""},"waarden":{"nectar":"0","stuifmeel":"3"},"bloeiperiode":{"januari":"false","februari":"false","maart":"false","april":"false","mei":"true","juni":"true","juli":"false","augustus":"false","september":"false","oktober":"false","november":"false","december":"true"}},{"id":"8","soort":{"nederlands":"Citroenmelisse","latijns":"Geranium molle"},"waarden":{"nectar":"2","stuifmeel":"1"},"bloeiperiode":{"januari":"false","februari":"false","maart":"false","april":"false","mei":"false","juni":"true","juli":"true","augustus":"true","september":"false","oktober":"false","november":"false","december":"false"}},{"id":"9","soort":{"nederlands":"Dagkoekoeksbloem","latijns":""},"waarden":{"nectar":"1","stuifmeel":"1"},"bloeiperiode":{"januari":"false","februari":"false","maart":"false","april":"true","mei":"true","juni":"true","juli":"true","augustus":"true","september":"true","oktober":"true","november":"false","december":"undefined"}},{"id":"10","soort":{"nederlands":"Citroenmelisse","latijns":"Geranium molle"},"waarden":{"nectar":"2","stuifmeel":"1"},"bloeiperiode":{"januari":"false","februari":"false","maart":"false","april":"false","mei":"false","juni":"true","juli":"true","augustus":"true","september":"false","oktober":"false","november":"false","december":"undefined"}},{"id":"11","soort":{"nederlands":"Duizendblad","latijns":""},"waarden":{"nectar":"1","stuifmeel":"2"},"bloeiperiode":{"januari":"false","februari":"false","maart":"false","april":"false","mei":"false","juni":"true","juli":"true","augustus":"true","september":"true","oktober":"true","november":"false","december":"undefined"}},{"id":"12","soort":{"nederlands":"Echte koekoeksbloem","latijns":""},"waarden":{"nectar":"2","stuifmeel":"2"},"bloeiperiode":{"januari":"false","februari":"false","maart":"false","april":"false","mei":"true","juni":"true","juli":"true","augustus":"false","september":"false","oktober":"false","november":"false","december":"undefined"}},{"id":"13","soort":{"nederlands":"Fluitenkruid","latijns":""},"waarden":{"nectar":"2","stuifmeel":"2"},"bloeiperiode":{"januari":"false","februari":"false","maart":"false","april":"true","mei":"true","juni":"true","juli":"false","augustus":"false","september":"false","oktober":"false","november":"false","december":"undefined"}},{"id":"14","soort":{"nederlands":"Framboos","latijns":""},"waarden":{"nectar":"3","stuifmeel":"2"},"bloeiperiode":{"januari":"false","februari":"false","maart":"false","april":"false","mei":"true","juni":"true","juli":"true","augustus":"false","september":"false","oktober":"false","november":"false","december":"undefined"}},{"id":"15","soort":{"nederlands":"Gekroesde Melkdistel","latijns":""},"waarden":{"nectar":"3","stuifmeel":"1"},"bloeiperiode":{"januari":"false","februari":"false","maart":"false","april":"false","mei":"false","juni":"true","juli":"true","augustus":"true","september":"true","oktober":"true","november":"false","december":"undefined"}},{"id":"16","soort":{"nederlands":"Gele lis ","latijns":""},"waarden":{"nectar":"1","stuifmeel":"1"},"bloeiperiode":{"januari":"false","februari":"false","maart":"false","april":"false","mei":"true","juni":"true","juli":"true","augustus":"false","september":"false","oktober":"false","november":"false","december":"undefined"}},{"id":"17","soort":{"nederlands":"Gewone agrimonie","latijns":""},"waarden":{"nectar":"2","stuifmeel":"2"},"bloeiperiode":{"januari":"false","februari":"false","maart":"false","april":"false","mei":"false","juni":"true","juli":"true","augustus":"true","september":"true","oktober":"false","november":"false","december":"undefined"}},{"id":"18","soort":{"nederlands":"Gewone berenklauw","latijns":""},"waarden":{"nectar":"3","stuifmeel":"2"},"bloeiperiode":{"januari":"false","februari":"false","maart":"false","april":"false","mei":"false","juni":"true","juli":"true","augustus":"true","september":"true","oktober":"true","november":"false","december":"undefined"}},{"id":"19","soort":{"nederlands":"Gewone braam","latijns":""},"waarden":{"nectar":"3","stuifmeel":"3"},"bloeiperiode":{"januari":"false","februari":"false","maart":"false","april":"false","mei":"false","juni":"true","juli":"true","augustus":"true","september":"true","oktober":"true","november":"false","december":"undefined"}},{"id":"20","soort":{"nederlands":"Gewone brunel","latijns":""},"waarden":{"nectar":"1","stuifmeel":"1"},"bloeiperiode":{"januari":"false","februari":"false","maart":"false","april":"false","mei":"true","juni":"true","juli":"true","augustus":"true","september":"true","oktober":"false","november":"false","december":"undefined"}},{"id":"21","soort":{"nederlands":"Gewone engelwortel","latijns":""},"waarden":{"nectar":"3","stuifmeel":"2"},"bloeiperiode":{"januari":"false","februari":"false","maart":"false","april":"false","mei":"false","juni":"false","juli":"true","augustus":"true","september":"true","oktober":"false","november":"false","december":"undefined"}},{"id":"22","soort":{"nederlands":"Gewone hennepnetel","latijns":""},"waarden":{"nectar":"1","stuifmeel":"1"},"bloeiperiode":{"januari":"false","februari":"false","maart":"false","april":"false","mei":"false","juni":"true","juli":"true","augustus":"true","september":"true","oktober":"false","november":"false","december":"undefined"}},{"id":"23","soort":{"nederlands":"Gewone melkdistel","latijns":""},"waarden":{"nectar":"3","stuifmeel":"1"},"bloeiperiode":{"januari":"false","februari":"false","maart":"false","april":"false","mei":"false","juni":"true","juli":"true","augustus":"true","september":"true","oktober":"true","november":"false","december":"undefined"}},{"id":"24","soort":{"nederlands":"Gewone paardenbloem","latijns":""},"waarden":{"nectar":"3","stuifmeel":"3"},"bloeiperiode":{"januari":"false","februari":"false","maart":"true","april":"true","mei":"true","juni":"true","juli":"true","augustus":"true","september":"true","oktober":"true","november":"false","december":"undefined"}},{"id":"25","soort":{"nederlands":"Gewone raket","latijns":""},"waarden":{"nectar":"1","stuifmeel":"1"},"bloeiperiode":{"januari":"false","februari":"false","maart":"false","april":"false","mei":"true","juni":"true","juli":"true","augustus":"true","september":"true","oktober":"false","november":"false","december":"undefined"}},{"id":"26","soort":{"nederlands":"Gewoon biggenkruid","latijns":""},"waarden":{"nectar":"1","stuifmeel":"1"},"bloeiperiode":{"januari":"false","februari":"false","maart":"false","april":"false","mei":"false","juni":"true","juli":"true","augustus":"true","september":"true","oktober":"false","november":"false","december":"undefined"}},{"id":"27","soort":{"nederlands":"Groot kaasjeskruid","latijns":""},"waarden":{"nectar":"2","stuifmeel":"1"},"bloeiperiode":{"januari":"false","februari":"false","maart":"false","april":"false","mei":"false","juni":"true","juli":"true","augustus":"true","september":"true","oktober":"false","november":"false","december":"undefined"}},{"id":"28","soort":{"nederlands":"Grote kattenstaart","latijns":""},"waarden":{"nectar":"3","stuifmeel":"2"},"bloeiperiode":{"januari":"false","februari":"false","maart":"false","april":"false","mei":"false","juni":"true","juli":"true","augustus":"true","september":"true","oktober":"false","november":"false","december":"undefined"}},{"id":"29","soort":{"nederlands":"Grote klit","latijns":""},"waarden":{"nectar":"2","stuifmeel":"2"},"bloeiperiode":{"januari":"false","februari":"false","maart":"false","april":"false","mei":"false","juni":"false","juli":"true","augustus":"true","september":"false","oktober":"false","november":"false","december":"undefined"}},{"id":"30","soort":{"nederlands":"Grote waterweegbree","latijns":""},"waarden":{"nectar":"1","stuifmeel":"1"},"bloeiperiode":{"januari":"false","februari":"false","maart":"false","april":"false","mei":"false","juni":"true","juli":"true","augustus":"true","september":"true","oktober":"false","november":"false","december":"undefined"}},{"id":"31","soort":{"nederlands":"Grote wederik","latijns":""},"waarden":{"nectar":"1","stuifmeel":"1"},"bloeiperiode":{"januari":"false","februari":"false","maart":"false","april":"false","mei":"false","juni":"true","juli":"true","augustus":"true","september":"false","oktober":"false","november":"false","december":"undefined"}},{"id":"32","soort":{"nederlands":"Grote weegbree","latijns":""},"waarden":{"nectar":"","stuifmeel":"3"},"bloeiperiode":{"januari":"false","februari":"false","maart":"false","april":"false","mei":"true","juni":"true","juli":"true","augustus":"true","september":"true","oktober":"true","november":"false","december":"undefined"}},{"id":"33","soort":{"nederlands":"Haagwinde ","latijns":""},"waarden":{"nectar":"2","stuifmeel":"2"},"bloeiperiode":{"januari":"false","februari":"false","maart":"false","april":"false","mei":"false","juni":"true","juli":"true","augustus":"true","september":"true","oktober":"false","november":"false","december":"undefined"}},{"id":"34","soort":{"nederlands":"Havikskruid","latijns":""},"waarden":{"nectar":"3","stuifmeel":"1"},"bloeiperiode":{"januari":"false","februari":"false","maart":"false","april":"false","mei":"false","juni":"false","juli":"true","augustus":"true","september":"true","oktober":"false","november":"false","december":"undefined"}},{"id":"35","soort":{"nederlands":"Hondsdraf","latijns":""},"waarden":{"nectar":"3","stuifmeel":"2"},"bloeiperiode":{"januari":"false","februari":"false","maart":"false","april":"true","mei":"true","juni":"false","juli":"false","augustus":"false","september":"false","oktober":"false","november":"false","december":"undefined"}},{"id":"36","soort":{"nederlands":"Hondsdraf","latijns":""},"waarden":{"nectar":"3","stuifmeel":"2"},"bloeiperiode":{"januari":"false","februari":"false","maart":"false","april":"true","mei":"true","juni":"true","juli":"false","augustus":"false","september":"false","oktober":"false","november":"false","december":"undefined"}},{"id":"37","soort":{"nederlands":"Jakobskruiskruid","latijns":""},"waarden":{"nectar":"2","stuifmeel":"2"},"bloeiperiode":{"januari":"false","februari":"false","maart":"false","april":"false","mei":"false","juni":"true","juli":"true","augustus":"true","september":"true","oktober":"true","november":"false","december":"undefined"}},{"id":"38","soort":{"nederlands":"Juffetje-in-het-groen","latijns":""},"waarden":{"nectar":"1","stuifmeel":"1"},"bloeiperiode":{"januari":"false","februari":"false","maart":"false","april":"false","mei":"false","juni":"true","juli":"true","augustus":"true","september":"false","oktober":"false","november":"false","december":"undefined"}},{"id":"39","soort":{"nederlands":"Kale jonker","latijns":""},"waarden":{"nectar":"3","stuifmeel":"1"},"bloeiperiode":{"januari":"false","februari":"false","maart":"false","april":"false","mei":"false","juni":"true","juli":"true","augustus":"true","september":"true","oktober":"false","november":"false","december":"undefined"}},{"id":"40","soort":{"nederlands":"Kamille","latijns":""},"waarden":{"nectar":"0","stuifmeel":"3"},"bloeiperiode":{"januari":"false","februari":"false","maart":"false","april":"false","mei":"true","juni":"true","juli":"true","augustus":"true","september":"true","oktober":"true","november":"false","december":"undefined"}},{"id":"41","soort":{"nederlands":"Klein hoefblab","latijns":""},"waarden":{"nectar":"2","stuifmeel":"3"},"bloeiperiode":{"januari":"false","februari":"true","maart":"true","april":"true","mei":"false","juni":"false","juli":"false","augustus":"false","september":"false","oktober":"false","november":"false","december":"undefined"}},{"id":"42","soort":{"nederlands":"Klein kruiskruid","latijns":""},"waarden":{"nectar":"2","stuifmeel":"2"},"bloeiperiode":{"januari":"true","februari":"true","maart":"true","april":"true","mei":"true","juni":"true","juli":"true","augustus":"true","september":"true","oktober":"true","november":"true","december":"true"}},{"id":"43","soort":{"nederlands":"Kleinstreepzaad","latijns":""},"waarden":{"nectar":"0","stuifmeel":"2"},"bloeiperiode":{"januari":"false","februari":"false","maart":"false","april":"false","mei":"false","juni":"false","juli":"true","augustus":"true","september":"true","oktober":"true","november":"true","december":"undefined"}},{"id":"44","soort":{"nederlands":"Kleine bevernel","latijns":""},"waarden":{"nectar":"2","stuifmeel":"0"},"bloeiperiode":{"januari":"false","februari":"false","maart":"false","april":"false","mei":"false","juni":"false","juli":"true","augustus":"true","september":"true","oktober":"false","november":"false","december":"undefined"}},{"id":"45","soort":{"nederlands":"Kleine klaver","latijns":""},"waarden":{"nectar":"2","stuifmeel":"0"},"bloeiperiode":{"januari":"false","februari":"false","maart":"false","april":"false","mei":"true","juni":"true","juli":"true","augustus":"true","september":"true","oktober":"false","november":"false","december":"undefined"}},{"id":"46","soort":{"nederlands":"Knoopkruid","latijns":""},"waarden":{"nectar":"3","stuifmeel":"2"},"bloeiperiode":{"januari":"false","februari":"false","maart":"false","april":"false","mei":"false","juni":"true","juli":"true","augustus":"true","september":"true","oktober":"false","november":"false","december":"undefined"}},{"id":"47","soort":{"nederlands":"Knopig helmkruid","latijns":""},"waarden":{"nectar":"0","stuifmeel":"1"},"bloeiperiode":{"januari":"false","februari":"false","maart":"false","april":"false","mei":"false","juni":"true","juli":"true","augustus":"true","september":"true","oktober":"false","november":"false","december":"undefined"}},{"id":"48","soort":{"nederlands":"koninginnenkruid","latijns":""},"waarden":{"nectar":"3","stuifmeel":"2"},"bloeiperiode":{"januari":"false","februari":"false","maart":"false","april":"false","mei":"false","juni":"false","juli":"true","augustus":"true","september":"true","oktober":"false","november":"false","december":"undefined"}},{"id":"49","soort":{"nederlands":"Kruipende boterbloem","latijns":""},"waarden":{"nectar":"1","stuifmeel":"1"},"bloeiperiode":{"januari":"false","februari":"false","maart":"false","april":"false","mei":"true","juni":"true","juli":"true","augustus":"false","september":"false","oktober":"false","november":"false","december":"undefined"}},{"id":"50","soort":{"nederlands":"Krulzuring","latijns":""},"waarden":{"nectar":"0","stuifmeel":"1"},"bloeiperiode":{"januari":"false","februari":"false","maart":"false","april":"false","mei":"true","juni":"true","juli":"true","augustus":"false","september":"false","oktober":"false","november":"false","december":"undefined"}},{"id":"51","soort":{"nederlands":"Leeuwentand","latijns":""},"waarden":{"nectar":"1","stuifmeel":"1"},"bloeiperiode":{"januari":"false","februari":"false","maart":"false","april":"false","mei":"false","juni":"false","juli":"true","augustus":"true","september":"true","oktober":"true","november":"false","december":"undefined"}},{"id":"52","soort":{"nederlands":"Look-zonder-look","latijns":""},"waarden":{"nectar":"2","stuifmeel":"2"},"bloeiperiode":{"januari":"false","februari":"false","maart":"false","april":"true","mei":"true","juni":"true","juli":"false","augustus":"false","september":"false","oktober":"false","november":"false","december":"undefined"}},{"id":"53","soort":{"nederlands":"Madeliefje","latijns":""},"waarden":{"nectar":"1","stuifmeel":"1"},"bloeiperiode":{"januari":"true","februari":"true","maart":"true","april":"true","mei":"true","juni":"true","juli":"true","augustus":"true","september":"true","oktober":"true","november":"true","december":"true"}},{"id":"54","soort":{"nederlands":"Mannetjes ereprijs","latijns":""},"waarden":{"nectar":"2","stuifmeel":"2"},"bloeiperiode":{"januari":"false","februari":"false","maart":"false","april":"false","mei":"true","juni":"true","juli":"true","augustus":"true","september":"false","oktober":"false","november":"false","december":"undefined"}},{"id":"55","soort":{"nederlands":"Moerasandoorn","latijns":""},"waarden":{"nectar":"0","stuifmeel":"2"},"bloeiperiode":{"januari":"false","februari":"false","maart":"false","april":"false","mei":"false","juni":"false","juli":"true","augustus":"true","september":"false","oktober":"false","november":"false","december":"undefined"}},{"id":"56","soort":{"nederlands":"Moesdistel","latijns":""},"waarden":{"nectar":"3","stuifmeel":"2"},"bloeiperiode":{"januari":"false","februari":"false","maart":"false","april":"false","mei":"false","juni":"true","juli":"true","augustus":"true","september":"true","oktober":"false","november":"false","december":"undefined"}},{"id":"57","soort":{"nederlands":"Muskuskaajeskruid","latijns":""},"waarden":{"nectar":"3","stuifmeel":"1"},"bloeiperiode":{"januari":"false","februari":"false","maart":"false","april":"false","mei":"false","juni":"true","juli":"true","augustus":"true","september":"true","oktober":"false","november":"false","december":"undefined"}},{"id":"58","soort":{"nederlands":"Paarse dovenetel","latijns":""},"waarden":{"nectar":"2","stuifmeel":"1"},"bloeiperiode":{"januari":"false","februari":"false","maart":"true","april":"true","mei":"true","juni":"true","juli":"true","augustus":"true","september":"true","oktober":"true","november":"false","december":"undefined"}},{"id":"59","soort":{"nederlands":"Peen","latijns":""},"waarden":{"nectar":"2","stuifmeel":"1"},"bloeiperiode":{"januari":"false","februari":"false","maart":"false","april":"false","mei":"false","juni":"true","juli":"true","augustus":"true","september":"true","oktober":"false","november":"false","december":"undefined"}},{"id":"60","soort":{"nederlands":"Perzikkruid","latijns":""},"waarden":{"nectar":"1","stuifmeel":"1"},"bloeiperiode":{"januari":"false","februari":"false","maart":"false","april":"false","mei":"false","juni":"true","juli":"true","augustus":"true","september":"true","oktober":"true","november":"false","december":"undefined"}},{"id":"61","soort":{"nederlands":"Rankende helmbloem","latijns":""},"waarden":{"nectar":"1","stuifmeel":"1"},"bloeiperiode":{"januari":"false","februari":"false","maart":"false","april":"false","mei":"true","juni":"true","juli":"true","augustus":"true","september":"true","oktober":"true","november":"false","december":"undefined"}},{"id":"62","soort":{"nederlands":"Reuzebalsemien","latijns":""},"waarden":{"nectar":"2","stuifmeel":"2"},"bloeiperiode":{"januari":"false","februari":"false","maart":"false","april":"false","mei":"false","juni":"false","juli":"true","augustus":"true","september":"true","oktober":"true","november":"false","december":"undefined"}},{"id":"63","soort":{"nederlands":"Ringelwikke","latijns":""},"waarden":{"nectar":"2","stuifmeel":"0"},"bloeiperiode":{"januari":"false","februari":"false","maart":"false","april":"false","mei":"true","juni":"true","juli":"true","augustus":"false","september":"false","oktober":"false","november":"false","december":"undefined"}},{"id":"64","soort":{"nederlands":"Robertskruid","latijns":""},"waarden":{"nectar":"2","stuifmeel":"2"},"bloeiperiode":{"januari":"false","februari":"false","maart":"false","april":"false","mei":"true","juni":"true","juli":"true","augustus":"true","september":"true","oktober":"true","november":"false","december":"undefined"}},{"id":"65","soort":{"nederlands":"Rode klaver","latijns":""},"waarden":{"nectar":"3","stuifmeel":"3"},"bloeiperiode":{"januari":"false","februari":"false","maart":"false","april":"false","mei":"true","juni":"true","juli":"true","augustus":"true","september":"true","oktober":"true","november":"false","december":"undefined"}},{"id":"66","soort":{"nederlands":"Rolklaver","latijns":""},"waarden":{"nectar":"3","stuifmeel":"3"},"bloeiperiode":{"januari":"false","februari":"false","maart":"false","april":"false","mei":"false","juni":"true","juli":"true","augustus":"true","september":"true","oktober":"false","november":"false","december":"undefined"}},{"id":"67","soort":{"nederlands":"Scherpeboterbloem","latijns":""},"waarden":{"nectar":"1","stuifmeel":"1"},"bloeiperiode":{"januari":"false","februari":"false","maart":"false","april":"true","mei":"true","juni":"true","juli":"true","augustus":"true","september":"true","oktober":"true","november":"false","december":"undefined"}},{"id":"68","soort":{"nederlands":"Sint-janskruid","latijns":""},"waarden":{"nectar":"1","stuifmeel":"3"},"bloeiperiode":{"januari":"false","februari":"false","maart":"false","april":"false","mei":"false","juni":"true","juli":"true","augustus":"true","september":"true","oktober":"false","november":"false","december":"undefined"}},{"id":"69","soort":{"nederlands":"Smalle weegbree","latijns":""},"waarden":{"nectar":"0","stuifmeel":"3"},"bloeiperiode":{"januari":"false","februari":"false","maart":"false","april":"false","mei":"true","juni":"true","juli":"true","augustus":"true","september":"true","oktober":"false","november":"false","december":"undefined"}},{"id":"70","soort":{"nederlands":"Speerdistel","latijns":""},"waarden":{"nectar":"3","stuifmeel":"1"},"bloeiperiode":{"januari":"false","februari":"false","maart":"false","april":"false","mei":"false","juni":"false","juli":"true","augustus":"true","september":"false","oktober":"false","november":"false","december":"undefined"}},{"id":"71","soort":{"nederlands":"Stinkende gouwe","latijns":""},"waarden":{"nectar":"0","stuifmeel":"2"},"bloeiperiode":{"januari":"false","februari":"false","maart":"false","april":"false","mei":"true","juni":"true","juli":"true","augustus":"true","september":"true","oktober":"true","november":"false","december":"undefined"}},{"id":"72","soort":{"nederlands":"Struikhei","latijns":""},"waarden":{"nectar":"3","stuifmeel":"3"},"bloeiperiode":{"januari":"false","februari":"false","maart":"false","april":"false","mei":"false","juni":"false","juli":"true","augustus":"true","september":"true","oktober":"false","november":"false","december":"undefined"}},{"id":"73","soort":{"nederlands":"Teunisbloem","latijns":""},"waarden":{"nectar":"1","stuifmeel":"2"},"bloeiperiode":{"januari":"false","februari":"false","maart":"false","april":"false","mei":"false","juni":"true","juli":"true","augustus":"true","september":"true","oktober":"false","november":"false","december":"undefined"}},{"id":"74","soort":{"nederlands":"Tormentil","latijns":""},"waarden":{"nectar":"2","stuifmeel":"2"},"bloeiperiode":{"januari":"false","februari":"false","maart":"false","april":"false","mei":"false","juni":"true","juli":"true","augustus":"true","september":"false","oktober":"false","november":"false","december":"undefined"}},{"id":"75","soort":{"nederlands":"Valse kamille","latijns":""},"waarden":{"nectar":"1","stuifmeel":"1"},"bloeiperiode":{"januari":"false","februari":"false","maart":"false","april":"false","mei":"false","juni":"true","juli":"true","augustus":"true","september":"true","oktober":"false","november":"false","december":"undefined"}},{"id":"76","soort":{"nederlands":"Vlasbekje","latijns":""},"waarden":{"nectar":"1","stuifmeel":"1"},"bloeiperiode":{"januari":"false","februari":"false","maart":"false","april":"false","mei":"false","juni":"true","juli":"true","augustus":"true","september":"true","oktober":"false","november":"false","december":"undefined"}},{"id":"77","soort":{"nederlands":"Voederwikke","latijns":""},"waarden":{"nectar":"3","stuifmeel":"1"},"bloeiperiode":{"januari":"false","februari":"false","maart":"false","april":"false","mei":"true","juni":"true","juli":"true","augustus":"false","september":"false","oktober":"false","november":"false","december":"undefined"}},{"id":"78","soort":{"nederlands":"Vogelmuur","latijns":""},"waarden":{"nectar":"2","stuifmeel":"2"},"bloeiperiode":{"januari":"true","februari":"true","maart":"true","april":"true","mei":"true","juni":"true","juli":"true","augustus":"true","september":"true","oktober":"true","november":"true","december":"true"}},{"id":"79","soort":{"nederlands":"Vogelwikke","latijns":""},"waarden":{"nectar":"2","stuifmeel":"2"},"bloeiperiode":{"januari":"false","februari":"false","maart":"false","april":"false","mei":"false","juni":"true","juli":"true","augustus":"true","september":"true","oktober":"false","november":"false","december":"undefined"}},{"id":"80","soort":{"nederlands":"Watermunt","latijns":""},"waarden":{"nectar":"2","stuifmeel":"1"},"bloeiperiode":{"januari":"false","februari":"false","maart":"false","april":"false","mei":"false","juni":"false","juli":"true","augustus":"true","september":"true","oktober":"false","november":"false","december":"undefined"}},{"id":"81","soort":{"nederlands":"Wilgenroosje","latijns":""},"waarden":{"nectar":"3","stuifmeel":"2"},"bloeiperiode":{"januari":"false","februari":"false","maart":"false","april":"false","mei":"false","juni":"false","juli":"true","augustus":"true","september":"true","oktober":"false","november":"false","december":"undefined"}},{"id":"82","soort":{"nederlands":"Witte dovenetel","latijns":""},"waarden":{"nectar":"1","stuifmeel":"1"},"bloeiperiode":{"januari":"false","februari":"false","maart":"false","april":"true","mei":"true","juni":"true","juli":"true","augustus":"true","september":"true","oktober":"false","november":"false","december":"undefined"}},{"id":"83","soort":{"nederlands":"Witte klaver","latijns":""},"waarden":{"nectar":"4","stuifmeel":"2"},"bloeiperiode":{"januari":"false","februari":"false","maart":"false","april":"false","mei":"true","juni":"true","juli":"true","augustus":"true","september":"true","oktober":"true","november":"false","december":"undefined"}},{"id":"84","soort":{"nederlands":"Wolfspoot","latijns":""},"waarden":{"nectar":"2","stuifmeel":"0"},"bloeiperiode":{"januari":"false","februari":"false","maart":"false","april":"false","mei":"false","juni":"true","juli":"true","augustus":"true","september":"false","oktober":"false","november":"false","december":"undefined"}},{"id":"85","soort":{"nederlands":"Zachte ooievaarsbek","latijns":""},"waarden":{"nectar":"2","stuifmeel":"2"},"bloeiperiode":{"januari":"false","februari":"false","maart":"false","april":"true","mei":"true","juni":"true","juli":"true","augustus":"true","september":"true","oktober":"false","november":"false","december":"undefined"}},{"id":"86","soort":{"nederlands":"Zandblauwtje","latijns":""},"waarden":{"nectar":"3","stuifmeel":"2"},"bloeiperiode":{"januari":"false","februari":"false","maart":"false","april":"false","mei":"false","juni":"true","juli":"true","augustus":"true","september":"false","oktober":"false","november":"false","december":"undefined"}},{"id":"87","soort":{"nederlands":"Zevenblad","latijns":""},"waarden":{"nectar":"2","stuifmeel":"2"},"bloeiperiode":{"januari":"false","februari":"false","maart":"false","april":"false","mei":"false","juni":"true","juli":"true","augustus":"false","september":"false","oktober":"false","november":"false","december":"undefined"}},{"id":"88","soort":{"nederlands":"Zilverschoon","latijns":""},"waarden":{"nectar":"2","stuifmeel":"2"},"bloeiperiode":{"januari":"false","februari":"false","maart":"false","april":"false","mei":"true","juni":"true","juli":"true","augustus":"true","september":"false","oktober":"false","november":"false","december":"undefined"}},{"id":"89","soort":{"nederlands":"Zwarte nachtschade","latijns":""},"waarden":{"nectar":"0","stuifmeel":"1"},"bloeiperiode":{"januari":"false","februari":"false","maart":"false","april":"false","mei":"false","juni":"true","juli":"true","augustus":"true","september":"true","oktober":"true","november":"false","december":"undefined"}}]